AJArabic	Sat Jun 23 21:00:01 +0000 2018	#سباق_الأخبار | تقرير حقوقي يكشف تعرض معتقلين يمنيين للتعذيب والاعتداءات جنسية من قبل جنود إمارتيين.. حدث الأسبوع ا… <a href="https://t.co/1MSYbz0cHe" target="_blank">Read More &nbsp;</a>	
AJArabic	Sat Jun 23 20:36:39 +0000 2018	#سباق_الأخبار | بعد زيارتها لمخيمات اللاجئين السوريين في #الموصل. جمهور #الجزيرة يختار أنجيلينا جولي  نجمة هوليود و… <a href="https://t.co/HNwOSjUgwK" target="_blank">Read More &nbsp;</a>	
AJArabic	Sat Jun 23 20:30:02 +0000 2018	إصابة بالعين اليمنى واعوجاج في الفك السفلي وتعرض للإهانة من قبل المحققين.. تفاصيل انتهاكات تعرضت لها معتقلة إماراتي… <a href="https://t.co/tKPzGLCGuf" target="_blank">Read More &nbsp;</a>	
AJArabic	Sat Jun 23 19:30:08 +0000 2018	الخارجية البريطانية تحذر رعاياها من محاولات قد تحدث لاستهداف #الإمارات بالصواريخ البالستية على غرار تلك التي تحدث ف… <a href="https://t.co/rvi5yIpkAL" target="_blank">Read More &nbsp;</a>	
AJArabic	Sat Jun 23 19:05:10 +0000 2018	#سباق_الأخبار | جمهور #الجزيرة يختار الشخصية الأكثر تأثيرا في أخبار هذا الأسبوع وحدثه الأبرز <a href="https://t.co/uwqh0BmRyz" target="_blank">Read More &nbsp;</a>	
AJArabic	Sat Jun 23 18:38:39 +0000 2018	مدن ذات صبغة كردية ساحة منافسة انتخابية بين حزب العدالة والتنمية الطامح لتحقيق أغلبية برلمانية وحزب الشعوب الديمقرا… <a href="https://t.co/1kJATI3KKf" target="_blank">Read More &nbsp;</a>	
AJArabic	Sat Jun 23 18:02:49 +0000 2018	مراسلة "وول ستريت": قرصنة كأس العالم برعاية رسمية #سعودية <a href="https://t.co/Dtmph1fnGx" target="_blank">Read More &nbsp;</a> الرابط البديل: <a href="https://t.co/OgPYMk9r7k" target="_blank">Read More &nbsp;</a>	
AJArabic	Sat Jun 23 17:30:38 +0000 2018	#ما_وراء_الخبر | يناقش تصاعد الانتقادات الرسمية الفلسطينية لجولة كوشنر واتهام مسؤولين فلسطينيين كبار واشنطن وتل أبي… <a href="https://t.co/rN0svAYXOS" target="_blank">Read More &nbsp;</a>	
AJArabic	Sat Jun 23 17:00:16 +0000 2018	"بدائل سياسية وهمية" .. السلطة الفلسطينية ترد على سلسلة الاجتماعات التي يقودهىا #كوشنر مع زعماء عرب لترتيب… <a href="https://t.co/2ZcA5NTOyV" target="_blank">Read More &nbsp;</a>	
AJArabic	Sat Jun 23 16:33:18 +0000 2018	#الرياض هاجمت في مقالها الذي حذفته حزب الإصلاح اليمني ووجهت له اتهامات خطيرة واعتبرته "لا يقل خطرا عن الحوثيين"… <a href="https://t.co/Y4cmpGYC9V" target="_blank">Read More &nbsp;</a>	
AJArabic	Sat Jun 23 16:00:01 +0000 2018	تضارب في الأخبار بين القوات اليمنية المدعومة إماراتيا والحوثيين حول من يسيطر على الوضع في #الحديدة وتحذيرات دولية م… <a href="https://t.co/dCh09bkTlB" target="_blank">Read More &nbsp;</a>	
AJArabic	Sat Jun 23 15:30:06 +0000 2018	خبير في الشؤون الإسرائيلية: هناك ترتيبات وعلاقات رسمية بين السعودية والإمارات مع إسرائيل من أجل #صفقة_القرن التي تج… <a href="https://t.co/X8GgVgD718" target="_blank">Read More &nbsp;</a>	
AJArabic	Sat Jun 23 15:05:29 +0000 2018	قتيل وعشرات الجرحى بانفجار قنبلة صغيرة قرب منصة رئيس وزراء #إثيوبيا خلال حضوره تجمعا جماهيريا في أديس أبابا وأبي أح… <a href="https://t.co/ngT1GYNaR1" target="_blank">Read More &nbsp;</a>	
AJArabic	Sat Jun 23 14:30:09 +0000 2018	ممنوعون من الحج.. السوريون للعام السابع والقطريون للعام الثاني <a href="https://t.co/H4H8gNMgOP" target="_blank">Read More &nbsp;</a> الرابط البديل:… <a href="https://t.co/603YJqvpbR" target="_blank">Read More &nbsp;</a>	
AJArabic	Sat Jun 23 13:30:11 +0000 2018	سقوط قتلى وجرحى خلال الهجوم والشرطة بدأت التحقيق لمعرفة من يقف خلف ما جرى <a href="https://t.co/A6wQpTuScx" target="_blank">Read More &nbsp;</a>	
AJArabic	Sat Jun 23 13:00:01 +0000 2018	على وقع دعوات أممية لوقف التصعيد العسكري.. مجلس محافظة #درعا يعلن الريف الشرقي منطقة منكوبة جراء قصف النظام السوري <a href="https://t.co/m1eIKZRGzo" target="_blank">Read More &nbsp;</a>	https://pbs.twimg.com/amplify_video_thumb/1010503404924297217/img/F5cjFxOm2-TVTcXt.jpg
AJArabic	Sat Jun 23 12:30:04 +0000 2018	أئمة تونسيون يطالبون بتعطيل الحج هذا العام لهذا السبب <a href="https://t.co/bjb9e1nxwg" target="_blank">Read More &nbsp;</a> <a href="https://t.co/fbSvDUnj9S" target="_blank">Read More &nbsp;</a>	https://pbs.twimg.com/media/DgYEmuqX4AETdBh.jpg
